{"cameraMode":{"drawMode":0,"name":"Shaded","section":"Shading Mode"},"sceneLighting":false,"audioPlay":false,"sceneViewState":{"showFog":true,"showMaterialUpdate":true,"showSkybox":false,"showFlares":true,"showImageEffects":true,"showParticleSystems":true},"in2DMode":false,"pivot":{"x":-0.1514807790517807,"y":0.15683606266975404,"z":0.07522042095661164},"rotation":{"x":0.0005765266250818968,"y":0.9999834299087524,"z":-0.019813772290945054,"w":-0.0065883370116353039},"size":0.5793832540512085,"orthographic":false}