{"cameraMode":{"drawMode":0,"name":"Shaded","section":"Shading Mode"},"sceneLighting":false,"audioPlay":false,"sceneViewState":{"showFog":true,"showMaterialUpdate":true,"showSkybox":false,"showFlares":true,"showImageEffects":true,"showParticleSystems":true},"in2DMode":false,"pivot":{"x":0.10905123502016068,"y":-0.007264286279678345,"z":0.3425353169441223},"rotation":{"x":0.009342572651803494,"y":0.8659499883651733,"z":0.01503835804760456,"w":-0.500150740146637},"size":1.8959053754806519,"orthographic":false}