{"cameraMode":{"drawMode":0,"name":"Shaded","section":"Shading Mode"},"sceneLighting":false,"audioPlay":false,"sceneViewState":{"showFog":true,"showMaterialUpdate":true,"showSkybox":false,"showFlares":true,"showImageEffects":true,"showParticleSystems":true},"in2DMode":false,"pivot":{"x":-56.617706298828128,"y":-0.023999009281396867,"z":8.342962265014649},"rotation":{"x":-0.0038162367418408396,"y":-0.9962573051452637,"z":0.06315333396196366,"w":-0.05927835777401924},"size":243.11904907226563,"orthographic":false}