{"cameraMode":{"drawMode":0,"name":"Shaded","section":"Shading Mode"},"sceneLighting":false,"audioPlay":false,"sceneViewState":{"showFog":true,"showMaterialUpdate":true,"showSkybox":false,"showFlares":true,"showImageEffects":true,"showParticleSystems":true},"in2DMode":false,"pivot":{"x":0.0005258031305857003,"y":0.006409542169421911,"z":-0.00013097579358145595},"rotation":{"x":0.09103594720363617,"y":0.30967074632644656,"z":0.029081284999847413,"w":-0.9462338089942932},"size":-2.3547654151916506,"orthographic":false}