{"cameraMode":{"drawMode":0,"name":"Shaded","section":"Shading Mode"},"sceneLighting":false,"audioPlay":false,"sceneViewState":{"showFog":true,"showMaterialUpdate":true,"showSkybox":false,"showFlares":true,"showImageEffects":true,"showParticleSystems":true},"in2DMode":false,"pivot":{"x":0.10905123502016068,"y":-0.007264286279678345,"z":0.3425353169441223},"rotation":{"x":0.09103594720363617,"y":0.30967074632644656,"z":0.029081284999847413,"w":-0.9462338089942932},"size":-0.5040947198867798,"orthographic":false}